Top 15 Trending Stocks On WallStreetBets As Of Tuesday Apr. 25 2023 (Via Swaggy Stocks),https://www.benzinga.com/general/social-media/23/04/32001030/top-15-trending-stocks-on-wallstreetbets-as-of-tuesday-apr-25-2023-via-swaggy-stocks,positive
Alphabet Says We Are Meaningfully Slowing Pace Of Hiring In 2023,https://www.benzinga.com/news/earnings/23/04/32000921/alphabet-says-we-are-meaningfully-slowing-pace-of-hiring-in-2023,positive
Alphabet Says For 2023 We Expect Total CapEx To Be Modestly Higher Than In 2022,https://www.benzinga.com/news/earnings/23/04/32000917/alphabet-says-for-2023-we-expect-total-capex-to-be-modestly-higher-than-in-2022,positive
Alphabet Says CapEx This Year Will Include Meaningful Increase In Technical Infrastructure Vs Decline In Office Facilities,https://www.benzinga.com/news/earnings/23/04/32000915/alphabet-says-capex-this-year-will-include-meaningful-increase-in-technical-infrastructure-vs-decli,positive
Alphabet Says Saw Signs Of Stabilization In YouTube Ads; In Network There Was An Incremental Pullback In Advertiser Spend,https://www.benzinga.com/news/earnings/23/04/32000629/alphabet-says-saw-signs-of-stabilization-in-youtube-ads-in-network-there-was-an-incremental-pullbac,positive
Alphabet CEO Sundar Pichai On Conf Call Said Cloud Delivered Profitability This Quarter,https://www.benzinga.com/news/earnings/23/04/32000324/alphabet-ceo-sundar-pichai-on-conf-call-said-cloud-delivered-profitability-this-quarter,positive
Alphabet Q1 Earnings Highlights: Revenue And EPS Beat Strong Cloud Growth AI Update And More,https://www.benzinga.com/news/earnings/23/04/31998810/alphabet-q1-earnings-highlights-revenue-and-eps-beat-strong-cloud-growth-ai-update-and-more,positive
Alphabet Authorizes Up To $70B Buyback,https://www.benzinga.com/news/23/04/31999346/alphabet-authorizes-up-to-70b-buyback,positive
Why You Should Think Twice About Using Google Authenticator's Cloud Sync,https://www.benzinga.com/news/23/04/31995177/why-you-should-think-twice-about-using-google-authenticators-cloud-sync,positive
Alphabet Q1 EPS $1.17 Beats $1.06 Estimate Sales $69.79B Beat $68.90B Estimate,https://www.benzinga.com/news/earnings/23/04/31998111/alphabet-q1-eps-1-17-beats-1-06-estimate-sales-69-79b-beat-68-90b-estimate,positive
Big Tech Woes Drive Nasdaq 100's Worst Session In 2023 Now Approaching Correction Territory,https://www.benzinga.com/news/large-cap/23/10/35427639/big-tech-woes-drive-nasdaq-100s-worst-session-in-2023-now-approaching-correction-territory,negative
Power Components Maker Vicor Faces Challenges Ahead: Analyst Sees Range-Bound Shares Amid Industry Complexities,https://www.benzinga.com/analyst-ratings/analyst-color/23/10/35422322/power-components-maker-vicor-faces-challenges-ahead-analyst-sees-range-bound-shares,negative
Dow Falls Over 100 Points; Alphabet Shares Tumble After Q3 Results,https://www.benzinga.com/news/earnings/23/10/35423368/dow-falls-over-100-points-alphabet-shares-tumble-after-q3-results,negative
Microsoft's Earnings Report Ticked All The Right Boxes As It Continues To Fortify Its AI Leadership,https://www.benzinga.com/news/earnings/23/10/35422748/microsofts-earnings-report-ticked-all-the-right-boxes-as-it-continues-to-fortify-its-ai-leadership,negative
Why Owens Corning Shares Are Trading Lower By Around 9%? Here Are Other Stocks Moving In Wednesday's Mid-Day Session,https://www.benzinga.com/news/23/10/35422235/why-owens-corning-shares-are-trading-lower-by-around-9-here-are-other-stocks-moving-in-wednesdays-mi,negative
Piper Sandler Maintains Overweight on Alphabet Raises Price Target to $150,https://www.benzinga.com/news/23/10/35422238/piper-sandler-maintains-overweight-on-alphabet-raises-price-target-to-150,negative
US Stocks Sink On Tech-Led Selloff Treasury Yields Surge Again: What's Driving Markets Wednesday?,https://www.benzinga.com/news/earnings/23/10/35411894/us-stocks-poised-for-mixed-start-ahead-of-meta-earnings-analyst-sees-corporate-profits-providing-fu,negative
Monness Crespi Hardt Downgrades Alphabet to Neutral,https://www.benzinga.com/news/23/10/35421411/monness-crespi-hardt-downgrades-alphabet-to-neutral,negative
CNBC Halftime Report Final Trades: Alphabet Visa Cummins Stanley Black & Decker,https://www.benzinga.com/news/23/10/35421236/cnbc-halftime-report-final-trades-alphabet-visa-cummins-stanley-black-decker,negative
Snap's Q3 Revenue Surprises But Growth Concerns Persist: Analysts Weigh In,https://www.benzinga.com/analyst-ratings/analyst-color/23/10/35417928/snaps-q3-revenue-surprises-but-growth-concerns-persist-analysts-weigh-in,negative
